{
  "min": -0.9806201457977295,
  "max": 0.9962587952613831,
  "mean": 0.08551395684480667,
  "std": 0.022112470120191574,
  "count": 45568235,
  "bounds": [
    102.9997524988034,
    37.499902040984196,
    105.20017578725417,
    39.00529879411169
  ],
  "crs": "EPSG:4326",
  "width": 8165,
  "height": 5586
}