{
  "min": -0.9694980978965759,
  "max": 0.7900627851486206,
  "mean": 0.08171629905700684,
  "std": 0.023295966908335686,
  "count": 25959625,
  "bounds": [
    102.9997524988034,
    37.499902040984196,
    105.20017578725417,
    39.00529879411169
  ],
  "crs": "EPSG:4326",
  "width": 8165,
  "height": 5586
}