{
  "min": -0.9962677955627441,
  "max": 0.7913752198219299,
  "mean": 0.08461600542068481,
  "std": 0.023402215912938118,
  "count": 37186120,
  "bounds": [
    102.9997524988034,
    37.499902040984196,
    105.20017578725417,
    39.00529879411169
  ],
  "crs": "EPSG:4326",
  "width": 8165,
  "height": 5586
}