{
  "min": -0.980862557888031,
  "max": 0.9418250322341919,
  "mean": 0.08183915913105011,
  "std": 0.01946229115128517,
  "count": 45571172,
  "bounds": [
    102.9997524988034,
    37.499902040984196,
    105.20017578725417,
    39.00529879411169
  ],
  "crs": "EPSG:4326",
  "width": 8165,
  "height": 5586
}