{
  "min": -0.9959819912910461,
  "max": 0.885625422000885,
  "mean": 0.08351926505565643,
  "std": 0.019300976768136024,
  "count": 33641360,
  "bounds": [
    102.9997524988034,
    37.499902040984196,
    105.20017578725417,
    39.00529879411169
  ],
  "crs": "EPSG:4326",
  "width": 8165,
  "height": 5586
}