{
  "min": -0.9998262524604797,
  "max": 0.9173009395599365,
  "mean": 0.08956445008516312,
  "std": 0.025398770347237587,
  "count": 45124475,
  "bounds": [
    102.9997524988034,
    37.499902040984196,
    105.20017578725417,
    39.00529879411169
  ],
  "crs": "EPSG:4326",
  "width": 8165,
  "height": 5586
}