{
  "min": -0.9997043013572693,
  "max": 0.9716721773147583,
  "mean": 0.0885133370757103,
  "std": 0.028519650921225548,
  "count": 45552840,
  "bounds": [
    102.9997524988034,
    37.499902040984196,
    105.20017578725417,
    39.00529879411169
  ],
  "crs": "EPSG:4326",
  "width": 8165,
  "height": 5586
}