{
  "min": -0.98031085729599,
  "max": 0.9285882115364075,
  "mean": 0.11550955474376678,
  "std": 0.06386373937129974,
  "count": 45605845,
  "bounds": [
    102.9997524988034,
    37.499902040984196,
    105.20017578725417,
    39.00529879411169
  ],
  "crs": "EPSG:4326",
  "width": 8165,
  "height": 5586
}