{
  "min": -0.9794831275939941,
  "max": 0.960874617099762,
  "mean": 0.13445985317230225,
  "std": 0.1300475001335144,
  "count": 45609650,
  "bounds": [
    102.9997524988034,
    37.499902040984196,
    105.20017578725417,
    39.00529879411169
  ],
  "crs": "EPSG:4326",
  "width": 8165,
  "height": 5586
}