{
  "min": -0.5608813762664795,
  "max": 0.9307375550270081,
  "mean": 0.1498691737651825,
  "std": 0.13519440591335297,
  "count": 37467190,
  "bounds": [
    102.9997524988034,
    37.499902040984196,
    105.20017578725417,
    39.00529879411169
  ],
  "crs": "EPSG:4326",
  "width": 8165,
  "height": 5586
}