{
  "min": -0.7118301391601562,
  "max": 0.9982302188873291,
  "mean": 0.129779651761055,
  "std": 0.11263374239206314,
  "count": 13364740,
  "bounds": [
    102.9997524988034,
    37.499902040984196,
    105.20017578725417,
    39.00529879411169
  ],
  "crs": "EPSG:4326",
  "width": 8165,
  "height": 5586
}