{
  "min": -0.9924675226211548,
  "max": 0.9500671029090881,
  "mean": 0.08025098592042923,
  "std": 0.021132975816726685,
  "count": 38346632,
  "bounds": [
    102.9997524988034,
    37.499902040984196,
    105.20017578725417,
    39.00529879411169
  ],
  "crs": "EPSG:4326",
  "width": 8165,
  "height": 5586
}