{
  "min": -0.8781979084014893,
  "max": 0.9984490275382996,
  "mean": 0.14044135808944702,
  "std": 0.1213265135884285,
  "count": 45590862,
  "bounds": [
    102.9997524988034,
    37.499902040984196,
    105.20017578725417,
    39.00529879411169
  ],
  "crs": "EPSG:4326",
  "width": 8165,
  "height": 5586
}