{
  "min": -0.9352815747261047,
  "max": 0.9996756315231323,
  "mean": 0.0860571563243866,
  "std": 0.025003505870699883,
  "count": 45512073,
  "bounds": [
    102.9997524988034,
    37.499902040984196,
    105.20017578725417,
    39.00529879411169
  ],
  "crs": "EPSG:4326",
  "width": 8165,
  "height": 5586
}