{
  "min": -0.8492857217788696,
  "max": 0.4823935627937317,
  "mean": 0.07831427454948425,
  "std": 0.017078246921300888,
  "count": 43181129,
  "bounds": [
    102.9997524988034,
    37.499902040984196,
    105.20017578725417,
    39.00529879411169
  ],
  "crs": "EPSG:4326",
  "width": 8165,
  "height": 5586
}