{
  "min": -0.9627482891082764,
  "max": 0.9991245269775391,
  "mean": 0.09277896583080292,
  "std": 0.03669644519686699,
  "count": 28945217,
  "bounds": [
    102.9997524988034,
    37.499902040984196,
    105.20017578725417,
    39.00529879411169
  ],
  "crs": "EPSG:4326",
  "width": 8165,
  "height": 5586
}