{
  "min": -0.8857039213180542,
  "max": 0.9938953518867493,
  "mean": 0.14637690782546997,
  "std": 0.09786906838417053,
  "count": 41006395,
  "bounds": [
    102.9997524988034,
    37.499902040984196,
    105.20017578725417,
    39.00529879411169
  ],
  "crs": "EPSG:4326",
  "width": 8165,
  "height": 5586
}