{
  "min": -0.9324862360954285,
  "max": 0.9676629900932312,
  "mean": 0.07828007638454437,
  "std": 0.019899509847164154,
  "count": 26983025,
  "bounds": [
    102.9997524988034,
    37.499902040984196,
    105.20017578725417,
    39.00529879411169
  ],
  "crs": "EPSG:4326",
  "width": 8165,
  "height": 5586
}