{
  "min": -0.8763434290885925,
  "max": 0.9754945039749146,
  "mean": 0.13699083030223846,
  "std": 0.11887361854314804,
  "count": 43065112,
  "bounds": [
    102.9997524988034,
    37.499902040984196,
    105.20017578725417,
    39.00529879411169
  ],
  "crs": "EPSG:4326",
  "width": 8165,
  "height": 5586
}