{
  "min": -0.9409016966819763,
  "max": 0.7610975503921509,
  "mean": 0.09007399529218674,
  "std": 0.022597232833504677,
  "count": 45257561,
  "bounds": [
    102.9997524988034,
    37.499902040984196,
    105.20017578725417,
    39.00529879411169
  ],
  "crs": "EPSG:4326",
  "width": 8165,
  "height": 5586
}