{
  "min": -0.9630086421966553,
  "max": 0.9247611165046692,
  "mean": 0.1198650524020195,
  "std": 0.06511366367340088,
  "count": 45021137,
  "bounds": [
    102.9997524988034,
    37.499902040984196,
    105.20017578725417,
    39.00529879411169
  ],
  "crs": "EPSG:4326",
  "width": 8165,
  "height": 5586
}