{
  "min": -0.7986563444137573,
  "max": 0.9570683240890503,
  "mean": 0.08624375611543655,
  "std": 0.022900039330124855,
  "count": 45594077,
  "bounds": [
    102.9997524988034,
    37.499902040984196,
    105.20017578725417,
    39.00529879411169
  ],
  "crs": "EPSG:4326",
  "width": 8165,
  "height": 5586
}