{
  "min": -0.7881260514259338,
  "max": 0.9980577230453491,
  "mean": 0.123742014169693,
  "std": 0.09587503224611282,
  "count": 45386645,
  "bounds": [
    102.9997524988034,
    37.499902040984196,
    105.20017578725417,
    39.00529879411169
  ],
  "crs": "EPSG:4326",
  "width": 8165,
  "height": 5586
}