{
  "min": -0.9992751479148865,
  "max": 0.999101996421814,
  "mean": 0.07790384441614151,
  "std": 0.02198018878698349,
  "count": 43197719,
  "bounds": [
    102.9997524988034,
    37.499902040984196,
    105.20017578725417,
    39.00529879411169
  ],
  "crs": "EPSG:4326",
  "width": 8165,
  "height": 5586
}