{
  "min": -0.5514706373214722,
  "max": 0.8529517650604248,
  "mean": 0.07431435585021973,
  "std": 0.015351426787674427,
  "count": 24549487,
  "bounds": [
    102.9997524988034,
    37.499902040984196,
    105.20017578725417,
    39.00529879411169
  ],
  "crs": "EPSG:4326",
  "width": 8165,
  "height": 5586
}