{
  "min": -0.9996433854103088,
  "max": 0.9755762219429016,
  "mean": 0.09902603924274445,
  "std": 0.04437095299363136,
  "count": 45447743,
  "bounds": [
    102.9997524988034,
    37.499902040984196,
    105.20017578725417,
    39.00529879411169
  ],
  "crs": "EPSG:4326",
  "width": 8165,
  "height": 5586
}