{
  "min": -0.9992732405662537,
  "max": 0.9997790455818176,
  "mean": 0.07794630527496338,
  "std": 0.028407806530594826,
  "count": 42587197,
  "bounds": [
    102.9997524988034,
    37.499902040984196,
    105.20017578725417,
    39.00529879411169
  ],
  "crs": "EPSG:4326",
  "width": 8165,
  "height": 5586
}