{
  "min": -0.9986348152160645,
  "max": 0.9912511110305786,
  "mean": 0.1292298138141632,
  "std": 0.07458438724279404,
  "count": 45552803,
  "bounds": [
    102.9997524988034,
    37.499902040984196,
    105.20017578725417,
    39.00529879411169
  ],
  "crs": "EPSG:4326",
  "width": 8165,
  "height": 5586
}