{
  "min": -0.9997779726982117,
  "max": 0.9751476645469666,
  "mean": 0.14254994690418243,
  "std": 0.0947829931974411,
  "count": 45182469,
  "bounds": [
    102.9997524988034,
    37.499902040984196,
    105.20017578725417,
    39.00529879411169
  ],
  "crs": "EPSG:4326",
  "width": 8165,
  "height": 5586
}