{
  "min": -0.9946019053459167,
  "max": 0.9994087219238281,
  "mean": 0.09881524741649628,
  "std": 0.03913762420415878,
  "count": 45558853,
  "bounds": [
    102.9997524988034,
    37.499902040984196,
    105.20017578725417,
    39.00529879411169
  ],
  "crs": "EPSG:4326",
  "width": 8165,
  "height": 5586
}