{
  "min": -0.985397458076477,
  "max": 0.9166229963302612,
  "mean": 0.14587083458900452,
  "std": 0.1169411763548851,
  "count": 26804449,
  "bounds": [
    102.9997524988034,
    37.499902040984196,
    105.20017578725417,
    39.00529879411169
  ],
  "crs": "EPSG:4326",
  "width": 8165,
  "height": 5586
}