{
  "min": -0.9759488105773926,
  "max": 0.9611135721206665,
  "mean": 0.10614954680204391,
  "std": 0.046456485986709595,
  "count": 36589578,
  "bounds": [
    102.9997524988034,
    37.499902040984196,
    105.20017578725417,
    39.00529879411169
  ],
  "crs": "EPSG:4326",
  "width": 8165,
  "height": 5586
}