{
  "min": -0.9996857047080994,
  "max": 0.9987802505493164,
  "mean": 0.0885428935289383,
  "std": 0.029118778184056282,
  "count": 45428184,
  "bounds": [
    102.9997524988034,
    37.499902040984196,
    105.20017578725417,
    39.00529879411169
  ],
  "crs": "EPSG:4326",
  "width": 8165,
  "height": 5586
}