{
  "min": -0.996673047542572,
  "max": 0.9351005554199219,
  "mean": 0.08239216357469559,
  "std": 0.02058630995452404,
  "count": 38676811,
  "bounds": [
    102.9997524988034,
    37.499902040984196,
    105.20017578725417,
    39.00529879411169
  ],
  "crs": "EPSG:4326",
  "width": 8165,
  "height": 5586
}