{
  "min": -0.9972596764564514,
  "max": 0.9951414465904236,
  "mean": 0.1323137730360031,
  "std": 0.11342205852270126,
  "count": 26621610,
  "bounds": [
    102.9997524988034,
    37.499902040984196,
    105.20017578725417,
    39.00529879411169
  ],
  "crs": "EPSG:4326",
  "width": 8165,
  "height": 5586
}