{
  "min": -0.782452404499054,
  "max": 0.9403514862060547,
  "mean": 0.09967387467622757,
  "std": 0.044862449169158936,
  "count": 45605882,
  "bounds": [
    102.9997524988034,
    37.499902040984196,
    105.20017578725417,
    39.00529879411169
  ],
  "crs": "EPSG:4326",
  "width": 8165,
  "height": 5586
}