{
  "min": -0.9737399220466614,
  "max": 0.9770761728286743,
  "mean": 0.09254276007413864,
  "std": 0.03280336409807205,
  "count": 37548918,
  "bounds": [
    102.9997524988034,
    37.499902040984196,
    105.20017578725417,
    39.00529879411169
  ],
  "crs": "EPSG:4326",
  "width": 8165,
  "height": 5586
}