{
  "min": -0.9999204277992249,
  "max": 0.8290299773216248,
  "mean": 0.08508956432342529,
  "std": 0.023391852155327797,
  "count": 41029071,
  "bounds": [
    102.9997524988034,
    37.499902040984196,
    105.20017578725417,
    39.00529879411169
  ],
  "crs": "EPSG:4326",
  "width": 8165,
  "height": 5586
}