{
  "min": -0.9990690350532532,
  "max": 0.9994832873344421,
  "mean": 0.07903829216957092,
  "std": 0.021335430443286896,
  "count": 42824812,
  "bounds": [
    102.9997524988034,
    37.499902040984196,
    105.20017578725417,
    39.00529879411169
  ],
  "crs": "EPSG:4326",
  "width": 8165,
  "height": 5586
}