{
  "min": -0.9997752904891968,
  "max": 0.9996699094772339,
  "mean": 0.09756738692522049,
  "std": 0.0420263335108757,
  "count": 36181143,
  "bounds": [
    102.9997524988034,
    37.499902040984196,
    105.20017578725417,
    39.00529879411169
  ],
  "crs": "EPSG:4326",
  "width": 8165,
  "height": 5586
}