{
  "min": -0.9504988193511963,
  "max": 0.9397156834602356,
  "mean": 0.14051535725593567,
  "std": 0.13019916415214539,
  "count": 45550999,
  "bounds": [
    102.9997524988034,
    37.499902040984196,
    105.20017578725417,
    39.00529879411169
  ],
  "crs": "EPSG:4326",
  "width": 8165,
  "height": 5586
}