{
  "min": -0.5977243781089783,
  "max": 0.8111247420310974,
  "mean": 0.08870101720094681,
  "std": 0.03140075504779816,
  "count": 37946363,
  "bounds": [
    102.9997524988034,
    37.499902040984196,
    105.20017578725417,
    39.00529879411169
  ],
  "crs": "EPSG:4326",
  "width": 8165,
  "height": 5586
}