{
  "min": -0.9800178408622742,
  "max": 0.9224767088890076,
  "mean": 0.11593890935182571,
  "std": 0.08780883252620697,
  "count": 39015788,
  "bounds": [
    102.9997524988034,
    37.499902040984196,
    105.20017578725417,
    39.00529879411169
  ],
  "crs": "EPSG:4326",
  "width": 8165,
  "height": 5586
}