{
  "min": -0.8602319955825806,
  "max": 0.9222070574760437,
  "mean": 0.09430278837680817,
  "std": 0.03622635826468468,
  "count": 45565303,
  "bounds": [
    102.9997524988034,
    37.499902040984196,
    105.20017578725417,
    39.00529879411169
  ],
  "crs": "EPSG:4326",
  "width": 8165,
  "height": 5586
}