{
  "min": -0.8355942368507385,
  "max": 0.800300121307373,
  "mean": 0.08745533227920532,
  "std": 0.024829363450407982,
  "count": 35958590,
  "bounds": [
    102.9997524988034,
    37.499902040984196,
    105.20017578725417,
    39.00529879411169
  ],
  "crs": "EPSG:4326",
  "width": 8165,
  "height": 5586
}