{
  "min": -0.9581470489501953,
  "max": 0.9379366040229797,
  "mean": 0.15849021077156067,
  "std": 0.11657874286174774,
  "count": 41277970,
  "bounds": [
    102.9997524988034,
    37.499902040984196,
    105.20017578725417,
    39.00529879411169
  ],
  "crs": "EPSG:4326",
  "width": 8165,
  "height": 5586
}