{
  "min": -0.7807902693748474,
  "max": 0.8467800617218018,
  "mean": 0.08423841744661331,
  "std": 0.02133178897202015,
  "count": 45589762,
  "bounds": [
    102.9997524988034,
    37.499902040984196,
    105.20017578725417,
    39.00529879411169
  ],
  "crs": "EPSG:4326",
  "width": 8165,
  "height": 5586
}