{
  "min": -0.963823139667511,
  "max": 0.9500896334648132,
  "mean": 0.12684020400047302,
  "std": 0.09315639734268188,
  "count": 34740174,
  "bounds": [
    102.9997524988034,
    37.499902040984196,
    105.20017578725417,
    39.00529879411169
  ],
  "crs": "EPSG:4326",
  "width": 8165,
  "height": 5586
}