{
  "min": -0.9992937445640564,
  "max": 0.8233315348625183,
  "mean": 0.08682777732610703,
  "std": 0.023113245144486427,
  "count": 45487708,
  "bounds": [
    102.9997524988034,
    37.499902040984196,
    105.20017578725417,
    39.00529879411169
  ],
  "crs": "EPSG:4326",
  "width": 8165,
  "height": 5586
}