{
  "min": -0.9996495842933655,
  "max": 0.9998382925987244,
  "mean": 0.14761197566986084,
  "std": 0.12099748849868774,
  "count": 39130089,
  "bounds": [
    102.9997524988034,
    37.499902040984196,
    105.20017578725417,
    39.00529879411169
  ],
  "crs": "EPSG:4326",
  "width": 8165,
  "height": 5586
}