{
  "min": -0.9770674705505371,
  "max": 0.9577879309654236,
  "mean": 0.08224323391914368,
  "std": 0.0181026142090559,
  "count": 34831625,
  "bounds": [
    102.9997524988034,
    37.499902040984196,
    105.20017578725417,
    39.00529879411169
  ],
  "crs": "EPSG:4326",
  "width": 8165,
  "height": 5586
}