{
  "min": -0.9141824841499329,
  "max": 0.9995952248573303,
  "mean": 0.13616709411144257,
  "std": 0.11834647506475449,
  "count": 45541997,
  "bounds": [
    102.9997524988034,
    37.499902040984196,
    105.20017578725417,
    39.00529879411169
  ],
  "crs": "EPSG:4326",
  "width": 8165,
  "height": 5586
}