{
  "min": -0.8582849502563477,
  "max": 0.9978267550468445,
  "mean": 0.11679497361183167,
  "std": 0.08660362660884857,
  "count": 26034770,
  "bounds": [
    102.9997524988034,
    37.499902040984196,
    105.20017578725417,
    39.00529879411169
  ],
  "crs": "EPSG:4326",
  "width": 8165,
  "height": 5586
}