{
  "min": -0.9927427172660828,
  "max": 0.9024729132652283,
  "mean": 0.11289748549461365,
  "std": 0.060792259871959686,
  "count": 45258912,
  "bounds": [
    102.9997524988034,
    37.499902040984196,
    105.20017578725417,
    39.00529879411169
  ],
  "crs": "EPSG:4326",
  "width": 8165,
  "height": 5586
}