{
  "min": -0.9845880270004272,
  "max": 0.9676111340522766,
  "mean": 0.12947294116020203,
  "std": 0.08222383260726929,
  "count": 45574017,
  "bounds": [
    102.9997524988034,
    37.499902040984196,
    105.20017578725417,
    39.00529879411169
  ],
  "crs": "EPSG:4326",
  "width": 8165,
  "height": 5586
}