{
  "min": -0.8299427032470703,
  "max": 0.8771485686302185,
  "mean": 0.09303915500640869,
  "std": 0.0396416112780571,
  "count": 38600207,
  "bounds": [
    102.9997524988034,
    37.499902040984196,
    105.20017578725417,
    39.00529879411169
  ],
  "crs": "EPSG:4326",
  "width": 8165,
  "height": 5586
}