{
  "min": -0.9250624775886536,
  "max": 0.9942745566368103,
  "mean": 0.10025139898061752,
  "std": 0.03666381165385246,
  "count": 30427569,
  "bounds": [
    102.9997524988034,
    37.499902040984196,
    105.20017578725417,
    39.00529879411169
  ],
  "crs": "EPSG:4326",
  "width": 8165,
  "height": 5586
}