{
  "min": -0.4867633581161499,
  "max": 0.9552833437919617,
  "mean": 0.10823153704404831,
  "std": 0.05534188449382782,
  "count": 36807993,
  "bounds": [
    102.9997524988034,
    37.499902040984196,
    105.20017578725417,
    39.00529879411169
  ],
  "crs": "EPSG:4326",
  "width": 8165,
  "height": 5586
}