{
  "min": -0.7474262118339539,
  "max": 0.9982122182846069,
  "mean": 0.14454615116119385,
  "std": 0.13239137828350067,
  "count": 43222425,
  "bounds": [
    102.9997524988034,
    37.499902040984196,
    105.20017578725417,
    39.00529879411169
  ],
  "crs": "EPSG:4326",
  "width": 8165,
  "height": 5586
}