{
  "min": -0.9996809363365173,
  "max": 0.9624878168106079,
  "mean": 0.12830419838428497,
  "std": 0.08634980022907257,
  "count": 45603596,
  "bounds": [
    102.9997524988034,
    37.499902040984196,
    105.20017578725417,
    39.00529879411169
  ],
  "crs": "EPSG:4326",
  "width": 8165,
  "height": 5586
}