{
  "min": -0.9842547178268433,
  "max": 0.9838982224464417,
  "mean": 0.08159355074167252,
  "std": 0.02393242157995701,
  "count": 45568691,
  "bounds": [
    102.9997524988034,
    37.499902040984196,
    105.20017578725417,
    39.00529879411169
  ],
  "crs": "EPSG:4326",
  "width": 8165,
  "height": 5586
}