{
  "min": -0.9982261657714844,
  "max": 0.9748295545578003,
  "mean": 0.086800217628479,
  "std": 0.025306029245257378,
  "count": 45416001,
  "bounds": [
    102.9997524988034,
    37.499902040984196,
    105.20017578725417,
    39.00529879411169
  ],
  "crs": "EPSG:4326",
  "width": 8165,
  "height": 5586
}