{
  "min": -0.9923495054244995,
  "max": 0.9888467788696289,
  "mean": 0.08601758629083633,
  "std": 0.026807593181729317,
  "count": 45506956,
  "bounds": [
    102.9997524988034,
    37.499902040984196,
    105.20017578725417,
    39.00529879411169
  ],
  "crs": "EPSG:4326",
  "width": 8165,
  "height": 5586
}