{
  "min": -0.9274831414222717,
  "max": 0.9994273781776428,
  "mean": 0.0819806158542633,
  "std": 0.02540246583521366,
  "count": 45239691,
  "bounds": [
    102.9997524988034,
    37.499902040984196,
    105.20017578725417,
    39.00529879411169
  ],
  "crs": "EPSG:4326",
  "width": 8165,
  "height": 5586
}