{
  "min": -0.9633122682571411,
  "max": 0.9926239848136902,
  "mean": 0.09040011465549469,
  "std": 0.03413001075387001,
  "count": 45590563,
  "bounds": [
    102.9997524988034,
    37.499902040984196,
    105.20017578725417,
    39.00529879411169
  ],
  "crs": "EPSG:4326",
  "width": 8165,
  "height": 5586
}