{
  "min": -0.968939483165741,
  "max": 0.5422394275665283,
  "mean": 0.08232180029153824,
  "std": 0.01947675086557865,
  "count": 45550233,
  "bounds": [
    102.9997524988034,
    37.499902040984196,
    105.20017578725417,
    39.00529879411169
  ],
  "crs": "EPSG:4326",
  "width": 8165,
  "height": 5586
}