{
  "min": -0.9207335114479065,
  "max": 0.9995320439338684,
  "mean": 0.13992586731910706,
  "std": 0.1308976262807846,
  "count": 45532544,
  "bounds": [
    102.9997524988034,
    37.499902040984196,
    105.20017578725417,
    39.00529879411169
  ],
  "crs": "EPSG:4326",
  "width": 8165,
  "height": 5586
}