{
  "min": -0.9498607516288757,
  "max": 0.9998515248298645,
  "mean": 0.16054409742355347,
  "std": 0.12398489564657211,
  "count": 45497943,
  "bounds": [
    102.9997524988034,
    37.499902040984196,
    105.20017578725417,
    39.00529879411169
  ],
  "crs": "EPSG:4326",
  "width": 8165,
  "height": 5586
}