{
  "min": -0.9895966649055481,
  "max": 0.9972859621047974,
  "mean": 0.07773620635271072,
  "std": 0.032088834792375565,
  "count": 34683016,
  "bounds": [
    102.9997524988034,
    37.499902040984196,
    105.20017578725417,
    39.00529879411169
  ],
  "crs": "EPSG:4326",
  "width": 8165,
  "height": 5586
}