{
  "min": -0.8383429050445557,
  "max": 0.962287425994873,
  "mean": 0.1222485825419426,
  "std": 0.08995767682790756,
  "count": 43162714,
  "bounds": [
    102.9997524988034,
    37.499902040984196,
    105.20017578725417,
    39.00529879411169
  ],
  "crs": "EPSG:4326",
  "width": 8165,
  "height": 5586
}