{
  "min": -0.999424934387207,
  "max": 0.9708151817321777,
  "mean": 0.09556757658720016,
  "std": 0.034511320292949677,
  "count": 45592373,
  "bounds": [
    102.9997524988034,
    37.499902040984196,
    105.20017578725417,
    39.00529879411169
  ],
  "crs": "EPSG:4326",
  "width": 8165,
  "height": 5586
}