{
  "min": -0.9998223185539246,
  "max": 0.9988526701927185,
  "mean": 0.0837816596031189,
  "std": 0.023312166333198547,
  "count": 44928423,
  "bounds": [
    102.9997524988034,
    37.499902040984196,
    105.20017578725417,
    39.00529879411169
  ],
  "crs": "EPSG:4326",
  "width": 8165,
  "height": 5586
}