{
  "min": -0.4241787791252136,
  "max": 0.992671012878418,
  "mean": 0.10415216535329819,
  "std": 0.058523569256067276,
  "count": 27145736,
  "bounds": [
    102.9997524988034,
    37.499902040984196,
    105.20017578725417,
    39.00529879411169
  ],
  "crs": "EPSG:4326",
  "width": 8165,
  "height": 5586
}