{
  "min": -0.9995399117469788,
  "max": 0.9976723194122314,
  "mean": 0.14871416985988617,
  "std": 0.12044529616832733,
  "count": 26509423,
  "bounds": [
    102.9997524988034,
    37.499902040984196,
    105.20017578725417,
    39.00529879411169
  ],
  "crs": "EPSG:4326",
  "width": 8165,
  "height": 5586
}