{
  "min": -0.9991628527641296,
  "max": 0.9899411201477051,
  "mean": 0.08328186720609665,
  "std": 0.021204380318522453,
  "count": 16237840,
  "bounds": [
    102.9997524988034,
    37.499902040984196,
    105.20017578725417,
    39.00529879411169
  ],
  "crs": "EPSG:4326",
  "width": 8165,
  "height": 5586
}