{
  "min": -0.9997226595878601,
  "max": 0.9461688995361328,
  "mean": 0.09351881593465805,
  "std": 0.03797164559364319,
  "count": 38577273,
  "bounds": [
    102.9997524988034,
    37.499902040984196,
    105.20017578725417,
    39.00529879411169
  ],
  "crs": "EPSG:4326",
  "width": 8165,
  "height": 5586
}