{
  "min": -0.9996816515922546,
  "max": 0.9641442894935608,
  "mean": 0.14891645312309265,
  "std": 0.11436185240745544,
  "count": 45608296,
  "bounds": [
    102.9997524988034,
    37.499902040984196,
    105.20017578725417,
    39.00529879411169
  ],
  "crs": "EPSG:4326",
  "width": 8165,
  "height": 5586
}