{
  "min": -0.9839733839035034,
  "max": 0.9879572987556458,
  "mean": 0.13629150390625,
  "std": 0.12223328649997711,
  "count": 26866193,
  "bounds": [
    102.9997524988034,
    37.499902040984196,
    105.20017578725417,
    39.00529879411169
  ],
  "crs": "EPSG:4326",
  "width": 8165,
  "height": 5586
}