{
  "min": -0.9798083305358887,
  "max": 0.9907723069190979,
  "mean": 0.08189685642719269,
  "std": 0.024849893525242805,
  "count": 45384916,
  "bounds": [
    102.9997524988034,
    37.499902040984196,
    105.20017578725417,
    39.00529879411169
  ],
  "crs": "EPSG:4326",
  "width": 8165,
  "height": 5586
}