{
  "min": -0.9991641044616699,
  "max": 0.9799915552139282,
  "mean": 0.09746129810810089,
  "std": 0.03456126153469086,
  "count": 26794931,
  "bounds": [
    102.9997524988034,
    37.499902040984196,
    105.20017578725417,
    39.00529879411169
  ],
  "crs": "EPSG:4326",
  "width": 8165,
  "height": 5586
}