{
  "min": -0.992714524269104,
  "max": 0.9914398789405823,
  "mean": 0.09487609565258026,
  "std": 0.03296229988336563,
  "count": 40889711,
  "bounds": [
    102.9997524988034,
    37.499902040984196,
    105.20017578725417,
    39.00529879411169
  ],
  "crs": "EPSG:4326",
  "width": 8165,
  "height": 5586
}