{
  "min": -0.9794183373451233,
  "max": 0.8985062837600708,
  "mean": 0.09767408668994904,
  "std": 0.04496113210916519,
  "count": 45426231,
  "bounds": [
    102.9997524988034,
    37.499902040984196,
    105.20017578725417,
    39.00529879411169
  ],
  "crs": "EPSG:4326",
  "width": 8165,
  "height": 5586
}