{
  "min": -0.9826904535293579,
  "max": 0.8910614252090454,
  "mean": 0.10641013085842133,
  "std": 0.048080455511808395,
  "count": 38575299,
  "bounds": [
    102.9997524988034,
    37.499902040984196,
    105.20017578725417,
    39.00529879411169
  ],
  "crs": "EPSG:4326",
  "width": 8165,
  "height": 5586
}