{
  "min": -0.8149628043174744,
  "max": 0.9812156558036804,
  "mean": 0.13911573588848114,
  "std": 0.10423588007688522,
  "count": 32044556,
  "bounds": [
    102.9997524988034,
    37.499902040984196,
    105.20017578725417,
    39.00529879411169
  ],
  "crs": "EPSG:4326",
  "width": 8165,
  "height": 5586
}