{
  "min": -0.9979625940322876,
  "max": 0.9999030828475952,
  "mean": 0.07809514552354813,
  "std": 0.03748525679111481,
  "count": 39066438,
  "bounds": [
    102.9997524988034,
    37.499902040984196,
    105.20017578725417,
    39.00529879411169
  ],
  "crs": "EPSG:4326",
  "width": 8165,
  "height": 5586
}