{
  "min": -0.9992693662643433,
  "max": 0.9983474612236023,
  "mean": 0.08270354568958282,
  "std": 0.035367656499147415,
  "count": 45347114,
  "bounds": [
    102.9997524988034,
    37.499902040984196,
    105.20017578725417,
    39.00529879411169
  ],
  "crs": "EPSG:4326",
  "width": 8165,
  "height": 5586
}