{
  "min": -0.9731965065002441,
  "max": 0.8840829730033875,
  "mean": 0.09983689337968826,
  "std": 0.056663740426301956,
  "count": 16167294,
  "bounds": [
    102.9997524988034,
    37.499902040984196,
    105.20017578725417,
    39.00529879411169
  ],
  "crs": "EPSG:4326",
  "width": 8165,
  "height": 5586
}