{
  "min": -0.40317320823669434,
  "max": 0.9600628018379211,
  "mean": 0.14333109557628632,
  "std": 0.10229571163654327,
  "count": 21492582,
  "bounds": [
    102.9997524988034,
    37.499902040984196,
    105.20017578725417,
    39.00529879411169
  ],
  "crs": "EPSG:4326",
  "width": 8165,
  "height": 5586
}