{
  "min": -0.9089635610580444,
  "max": 0.8526313304901123,
  "mean": 0.0822264701128006,
  "std": 0.026622263714671135,
  "count": 45587699,
  "bounds": [
    102.9997524988034,
    37.499902040984196,
    105.20017578725417,
    39.00529879411169
  ],
  "crs": "EPSG:4326",
  "width": 8165,
  "height": 5586
}