{
  "min": -0.9995436072349548,
  "max": 0.8007779121398926,
  "mean": 0.08922040462493896,
  "std": 0.029587989673018456,
  "count": 26145625,
  "bounds": [
    102.9997524988034,
    37.499902040984196,
    105.20017578725417,
    39.00529879411169
  ],
  "crs": "EPSG:4326",
  "width": 8165,
  "height": 5586
}