{
  "min": -0.8319225311279297,
  "max": 0.9803087711334229,
  "mean": 0.13358083367347717,
  "std": 0.12997135519981384,
  "count": 45371051,
  "bounds": [
    102.9997524988034,
    37.499902040984196,
    105.20017578725417,
    39.00529879411169
  ],
  "crs": "EPSG:4326",
  "width": 8165,
  "height": 5586
}