{
  "min": -0.9971021413803101,
  "max": 0.9102840423583984,
  "mean": 0.09464612603187561,
  "std": 0.04358930140733719,
  "count": 21241517,
  "bounds": [
    102.9997524988034,
    37.499902040984196,
    105.20017578725417,
    39.00529879411169
  ],
  "crs": "EPSG:4326",
  "width": 8165,
  "height": 5586
}