{
  "min": -0.728499710559845,
  "max": 0.8961178064346313,
  "mean": 0.11863663792610168,
  "std": 0.08226939290761948,
  "count": 45607851,
  "bounds": [
    102.9997524988034,
    37.499902040984196,
    105.20017578725417,
    39.00529879411169
  ],
  "crs": "EPSG:4326",
  "width": 8165,
  "height": 5586
}