{
  "min": -0.9996789693832397,
  "max": 0.9318166971206665,
  "mean": 0.12774038314819336,
  "std": 0.08623040467500687,
  "count": 43011821,
  "bounds": [
    102.9997524988034,
    37.499902040984196,
    105.20017578725417,
    39.00529879411169
  ],
  "crs": "EPSG:4326",
  "width": 8165,
  "height": 5586
}