{
  "min": -0.9993336200714111,
  "max": 0.9569034576416016,
  "mean": 0.08730752766132355,
  "std": 0.03060796670615673,
  "count": 45590409,
  "bounds": [
    102.9997524988034,
    37.499902040984196,
    105.20017578725417,
    39.00529879411169
  ],
  "crs": "EPSG:4326",
  "width": 8165,
  "height": 5586
}