{
  "min": -0.9116204380989075,
  "max": 0.9136186242103577,
  "mean": 0.10782022774219513,
  "std": 0.05673912540078163,
  "count": 45607746,
  "bounds": [
    102.9997524988034,
    37.499902040984196,
    105.20017578725417,
    39.00529879411169
  ],
  "crs": "EPSG:4326",
  "width": 8165,
  "height": 5586
}