{
  "min": -0.9996778964996338,
  "max": 0.9545497894287109,
  "mean": 0.12601901590824127,
  "std": 0.09316206723451614,
  "count": 45574686,
  "bounds": [
    102.9997524988034,
    37.499902040984196,
    105.20017578725417,
    39.00529879411169
  ],
  "crs": "EPSG:4326",
  "width": 8165,
  "height": 5586
}