{
  "min": -0.9991533756256104,
  "max": 0.9810878038406372,
  "mean": 0.08880742639303207,
  "std": 0.027778368443250656,
  "count": 45596931,
  "bounds": [
    102.9997524988034,
    37.499902040984196,
    105.20017578725417,
    39.00529879411169
  ],
  "crs": "EPSG:4326",
  "width": 8165,
  "height": 5586
}