{
  "min": -0.99986332654953,
  "max": 0.9998612403869629,
  "mean": 0.07335135340690613,
  "std": 0.03337647765874863,
  "count": 32004916,
  "bounds": [
    102.9997524988034,
    37.499902040984196,
    105.20017578725417,
    39.00529879411169
  ],
  "crs": "EPSG:4326",
  "width": 8165,
  "height": 5586
}