{
  "min": -0.9998069405555725,
  "max": 0.9422574043273926,
  "mean": 0.08570397645235062,
  "std": 0.024532394483685493,
  "count": 16395393,
  "bounds": [
    102.9997524988034,
    37.499902040984196,
    105.20017578725417,
    39.00529879411169
  ],
  "crs": "EPSG:4326",
  "width": 8165,
  "height": 5586
}