{
  "min": -0.8737601041793823,
  "max": 0.7923954129219055,
  "mean": 0.08650051802396774,
  "std": 0.02451842464506626,
  "count": 45608441,
  "bounds": [
    102.9997524988034,
    37.499902040984196,
    105.20017578725417,
    39.00529879411169
  ],
  "crs": "EPSG:4326",
  "width": 8165,
  "height": 5586
}