{
  "min": -0.8160224556922913,
  "max": 0.9350882172584534,
  "mean": 0.13372120261192322,
  "std": 0.10919181257486343,
  "count": 45554498,
  "bounds": [
    102.9997524988034,
    37.499902040984196,
    105.20017578725417,
    39.00529879411169
  ],
  "crs": "EPSG:4326",
  "width": 8165,
  "height": 5586
}