{
  "min": -0.9559459090232849,
  "max": 0.9308708906173706,
  "mean": 0.12315177917480469,
  "std": 0.0988781750202179,
  "count": 45609612,
  "bounds": [
    102.9997524988034,
    37.499902040984196,
    105.20017578725417,
    39.00529879411169
  ],
  "crs": "EPSG:4326",
  "width": 8165,
  "height": 5586
}