{
  "min": -0.9983224272727966,
  "max": 0.9928115010261536,
  "mean": 0.10746046155691147,
  "std": 0.04108244553208351,
  "count": 39954290,
  "bounds": [
    102.9997524988034,
    37.499902040984196,
    105.20017578725417,
    39.00529879411169
  ],
  "crs": "EPSG:4326",
  "width": 8165,
  "height": 5586
}