{
  "min": -0.9939968585968018,
  "max": 0.8491398096084595,
  "mean": 0.08571430295705795,
  "std": 0.026226134970784187,
  "count": 38477004,
  "bounds": [
    102.9997524988034,
    37.499902040984196,
    105.20017578725417,
    39.00529879411169
  ],
  "crs": "EPSG:4326",
  "width": 8165,
  "height": 5586
}