{
  "min": -0.8250794410705566,
  "max": 0.9865288734436035,
  "mean": 0.09290394186973572,
  "std": 0.029447952285408974,
  "count": 45588261,
  "bounds": [
    102.9997524988034,
    37.499902040984196,
    105.20017578725417,
    39.00529879411169
  ],
  "crs": "EPSG:4326",
  "width": 8165,
  "height": 5586
}