{
  "min": -0.9876595735549927,
  "max": 0.9933143854141235,
  "mean": 0.08970655500888824,
  "std": 0.03165743872523308,
  "count": 45421728,
  "bounds": [
    102.9997524988034,
    37.499902040984196,
    105.20017578725417,
    39.00529879411169
  ],
  "crs": "EPSG:4326",
  "width": 8165,
  "height": 5586
}