{
  "min": -0.9965508580207825,
  "max": 0.9966462850570679,
  "mean": 0.08356484770774841,
  "std": 0.02416343428194523,
  "count": 45391648,
  "bounds": [
    102.9997524988034,
    37.499902040984196,
    105.20017578725417,
    39.00529879411169
  ],
  "crs": "EPSG:4326",
  "width": 8165,
  "height": 5586
}