{
  "min": -0.5832670331001282,
  "max": 0.9831729531288147,
  "mean": 0.1403302699327469,
  "std": 0.13360148668289185,
  "count": 44416889,
  "bounds": [
    102.9997524988034,
    37.499902040984196,
    105.20017578725417,
    39.00529879411169
  ],
  "crs": "EPSG:4326",
  "width": 8165,
  "height": 5586
}