{
  "min": -0.9782984256744385,
  "max": 0.9992705583572388,
  "mean": 0.08205316960811615,
  "std": 0.025505945086479187,
  "count": 43593841,
  "bounds": [
    102.9997524988034,
    37.499902040984196,
    105.20017578725417,
    39.00529879411169
  ],
  "crs": "EPSG:4326",
  "width": 8165,
  "height": 5586
}