{
  "min": -0.999424934387207,
  "max": 0.999616265296936,
  "mean": 0.1393880993127823,
  "std": 0.12828049063682556,
  "count": 45466634,
  "bounds": [
    102.9997524988034,
    37.499902040984196,
    105.20017578725417,
    39.00529879411169
  ],
  "crs": "EPSG:4326",
  "width": 8165,
  "height": 5586
}