{
  "min": -0.6434468030929565,
  "max": 0.9937636256217957,
  "mean": 0.14184318482875824,
  "std": 0.11779526621103287,
  "count": 45310827,
  "bounds": [
    102.9997524988034,
    37.499902040984196,
    105.20017578725417,
    39.00529879411169
  ],
  "crs": "EPSG:4326",
  "width": 8165,
  "height": 5586
}