{
  "min": -0.9262109398841858,
  "max": 0.999091386795044,
  "mean": 0.16367311775684357,
  "std": 0.14611689746379852,
  "count": 42597933,
  "bounds": [
    102.9997524988034,
    37.499902040984196,
    105.20017578725417,
    39.00529879411169
  ],
  "crs": "EPSG:4326",
  "width": 8165,
  "height": 5586
}