{
  "min": -0.9957538843154907,
  "max": 0.9452153444290161,
  "mean": 0.12786456942558289,
  "std": 0.09562177211046219,
  "count": 45609459,
  "bounds": [
    102.9997524988034,
    37.499902040984196,
    105.20017578725417,
    39.00529879411169
  ],
  "crs": "EPSG:4326",
  "width": 8165,
  "height": 5586
}