{
  "min": -0.4589846730232239,
  "max": 0.7145648002624512,
  "mean": 0.08949393033981323,
  "std": 0.03439604118466377,
  "count": 4849138,
  "bounds": [
    102.9997524988034,
    37.499902040984196,
    105.20017578725417,
    39.00529879411169
  ],
  "crs": "EPSG:4326",
  "width": 8165,
  "height": 5586
}