{
  "min": -0.8028841614723206,
  "max": 0.990978479385376,
  "mean": 0.1399620771408081,
  "std": 0.08953657001256943,
  "count": 45606834,
  "bounds": [
    102.9997524988034,
    37.499902040984196,
    105.20017578725417,
    39.00529879411169
  ],
  "crs": "EPSG:4326",
  "width": 8165,
  "height": 5586
}