{
  "min": -0.9488162994384766,
  "max": 0.8176272511482239,
  "mean": 0.08641846477985382,
  "std": 0.025835974141955376,
  "count": 45583391,
  "bounds": [
    102.9997524988034,
    37.499902040984196,
    105.20017578725417,
    39.00529879411169
  ],
  "crs": "EPSG:4326",
  "width": 8165,
  "height": 5586
}