{
  "min": -0.9871113300323486,
  "max": 0.95442134141922,
  "mean": 0.11740642040967941,
  "std": 0.06612313538789749,
  "count": 45605526,
  "bounds": [
    102.9997524988034,
    37.499902040984196,
    105.20017578725417,
    39.00529879411169
  ],
  "crs": "EPSG:4326",
  "width": 8165,
  "height": 5586
}