{
  "min": -0.9868906140327454,
  "max": 0.9846925735473633,
  "mean": 0.16863299906253815,
  "std": 0.14299778640270233,
  "count": 41263972,
  "bounds": [
    102.9997524988034,
    37.499902040984196,
    105.20017578725417,
    39.00529879411169
  ],
  "crs": "EPSG:4326",
  "width": 8165,
  "height": 5586
}